{ "compressionlevel":-1,
 "height":20,
 "infinite":false,
 "layers":[
        {
         "data":[22, 22, 4, 22, 22, 22, 22, 22, 22, 1, 22, 22, 22, 22, 36, 36, 36, 36, 36, 4, 22, 22, 22, 1, 22, 18, 36, 36, 36, 36,
            3, 3, 2, 3, 3, 22, 22, 22, 22, 1, 22, 3, 7, 9, 29, 29, 29, 29, 16, 2, 3, 7, 22, 1, 22, 22, 18, 36, 30, 36,
            22, 22, 4, 22, 22, 22, 22, 22, 22, 1, 22, 22, 4, 22, 22, 36, 36, 36, 36, 4, 22, 4, 22, 1, 22, 22, 22, 18, 32, 29,
            22, 22, 4, 22, 22, 22, 22, 22, 22, 1, 22, 22, 4, 22, 22, 22, 22, 36, 22, 4, 22, 4, 22, 22, 22, 22, 22, 22, 30, 18,
            22, 22, 5, 3, 3, 3, 7, 22, 22, 1, 22, 3, 6, 3, 3, 3, 3, 3, 3, 6, 3, 6, 3, 3, 3, 3, 9, 29, 34, 22,
            22, 22, 22, 22, 22, 22, 4, 22, 19, 1, 19, 22, 22, 22, 22, 22, 22, 22, 22, 22, 22, 22, 22, 22, 22, 22, 22, 22, 12, 22,
            1, 1, 1, 1, 1, 22, 1, 19, 1, 1, 36, 19, 22, 22, 22, 22, 22, 22, 22, 22, 22, 22, 22, 1, 22, 22, 22, 22, 4, 22,
            22, 22, 22, 22, 22, 19, 14, 36, 36, 1, 36, 36, 19, 22, 22, 22, 22, 22, 22, 22, 22, 22, 22, 1, 22, 22, 22, 22, 4, 22,
            22, 22, 22, 22, 19, 36, 30, 36, 36, 1, 36, 36, 36, 19, 22, 22, 22, 22, 22, 22, 22, 22, 22, 1, 1, 1, 1, 22, 4, 19,
            22, 22, 22, 19, 36, 36, 30, 36, 36, 1, 1, 1, 1, 1, 1, 1, 1, 1, 1, 1, 1, 1, 1, 1, 22, 22, 1, 22, 14, 36,
            22, 19, 14, 36, 36, 36, 12, 36, 36, 1, 36, 36, 36, 36, 36, 19, 22, 22, 22, 22, 22, 22, 22, 22, 22, 22, 1, 19, 30, 36,
            22, 36, 26, 23, 36, 36, 14, 36, 22, 1, 22, 36, 24, 28, 29, 29, 16, 3, 3, 3, 3, 7, 3, 3, 22, 22, 1, 36, 30, 36,
            22, 18, 36, 26, 29, 29, 28, 16, 22, 1, 22, 10, 27, 25, 18, 22, 22, 22, 22, 22, 22, 4, 22, 22, 22, 19, 1, 36, 30, 36,
            22, 22, 18, 36, 36, 36, 30, 36, 22, 1, 22, 36, 12, 22, 22, 22, 22, 22, 1, 22, 22, 4, 22, 22, 19, 36, 1, 36, 30, 36,
            22, 22, 22, 18, 36, 36, 12, 36, 36, 1, 22, 18, 4, 22, 22, 22, 22, 22, 1, 22, 22, 1, 3, 10, 33, 29, 29, 29, 28, 36,
            22, 22, 22, 22, 18, 36, 14, 36, 36, 1, 22, 22, 4, 22, 22, 22, 22, 22, 1, 22, 22, 4, 19, 36, 26, 29, 29, 29, 27, 29,
            22, 22, 22, 22, 22, 18, 30, 18, 18, 1, 22, 22, 4, 22, 22, 22, 22, 22, 1, 22, 22, 14, 36, 36, 36, 36, 36, 36, 30, 36,
            22, 22, 22, 22, 22, 22, 12, 22, 22, 1, 22, 22, 4, 22, 22, 22, 22, 22, 1, 22, 10, 28, 29, 29, 29, 29, 29, 29, 25, 36,
            22, 22, 22, 22, 22, 22, 1, 22, 1, 1, 22, 22, 4, 22, 22, 22, 22, 22, 1, 19, 36, 30, 36, 36, 36, 36, 36, 36, 36, 36,
            22, 22, 22, 22, 22, 22, 5, 3, 3, 3, 3, 3, 6, 3, 10, 29, 29, 29, 1, 36, 36, 36, 36, 36, 36, 36, 36, 36, 36, 36],
         "height":20,
         "id":1,
         "name":"\u0421\u043b\u043e\u0439 \u0442\u0430\u0439\u043b\u043e\u0432 1",
         "opacity":1,
         "properties":[
                {
                 "name":"Music",
                 "type":"string",
                 "value":"assets\/sounds\/Fight.mp3"
                }, 
                {
                 "name":"NextMap",
                 "type":"string",
                 "value":"\/assets\/map2.json"
                }],
         "type":"tilelayer",
         "visible":true,
         "width":30,
         "x":0,
         "y":0
        }, 
        {
         "data":[0, 0, 38, 39, 0, 0, 0, 0, 0, 40, 39, 39, 0, 0, 0, 44, 44, 0, 0, 0, 0, 0, 0, 40, 0, 0, 0, 0, 42, 0,
            0, 0, 0, 0, 38, 0, 0, 0, 0, 37, 39, 0, 0, 0, 0, 0, 0, 0, 0, 0, 0, 0, 0, 40, 43, 43, 0, 38, 0, 0,
            0, 0, 0, 39, 0, 0, 0, 0, 0, 40, 0, 0, 0, 0, 0, 44, 44, 0, 0, 0, 0, 0, 0, 40, 43, 43, 0, 0, 0, 0,
            0, 0, 0, 0, 0, 0, 39, 0, 0, 40, 0, 0, 0, 0, 0, 0, 0, 0, 0, 0, 0, 0, 0, 0, 0, 0, 0, 0, 0, 0,
            0, 0, 0, 0, 0, 0, 0, 39, 0, 40, 39, 0, 0, 0, 0, 0, 0, 0, 0, 0, 0, 0, 0, 0, 0, 0, 0, 0, 0, 0,
            0, 0, 42, 0, 0, 0, 0, 0, 0, 41, 43, 39, 0, 0, 0, 0, 0, 0, 0, 0, 0, 0, 0, 0, 0, 0, 0, 0, 0, 0,
            40, 40, 40, 40, 40, 0, 0, 0, 41, 41, 43, 43, 43, 0, 0, 0, 0, 0, 0, 0, 0, 0, 0, 40, 0, 0, 0, 0, 0, 0,
            0, 0, 0, 0, 0, 0, 0, 0, 0, 41, 0, 0, 0, 0, 0, 44, 0, 0, 0, 0, 0, 37, 41, 40, 0, 0, 0, 0, 0, 0,
            0, 0, 42, 0, 0, 0, 0, 0, 0, 41, 0, 0, 0, 0, 0, 43, 44, 0, 0, 0, 0, 41, 37, 40, 40, 40, 40, 0, 0, 0,
            0, 0, 42, 0, 37, 37, 0, 0, 0, 41, 41, 41, 41, 41, 40, 40, 40, 40, 40, 40, 40, 40, 40, 40, 0, 0, 40, 0, 0, 0,
            0, 0, 0, 0, 37, 37, 0, 0, 0, 41, 0, 36, 0, 42, 0, 0, 0, 0, 0, 0, 0, 0, 0, 0, 0, 0, 40, 0, 0, 0,
            0, 37, 39, 0, 0, 0, 0, 0, 0, 40, 0, 41, 0, 0, 0, 0, 0, 38, 0, 0, 0, 0, 0, 0, 42, 0, 40, 0, 0, 0,
            0, 0, 37, 0, 0, 0, 0, 0, 42, 40, 39, 0, 0, 0, 41, 0, 0, 0, 0, 0, 0, 0, 0, 0, 0, 0, 41, 0, 0, 0,
            0, 0, 0, 0, 37, 37, 0, 0, 0, 40, 0, 0, 0, 0, 0, 43, 0, 0, 41, 0, 0, 0, 0, 0, 0, 0, 41, 0, 0, 0,
            0, 0, 0, 0, 37, 37, 0, 0, 0, 41, 0, 0, 0, 0, 43, 43, 43, 0, 41, 0, 0, 0, 0, 0, 0, 0, 0, 0, 0, 0,
            0, 0, 0, 0, 0, 0, 0, 0, 0, 41, 43, 0, 0, 0, 0, 43, 0, 0, 41, 0, 0, 0, 0, 41, 0, 0, 0, 0, 0, 0,
            0, 0, 0, 0, 0, 0, 0, 0, 0, 41, 43, 43, 0, 0, 0, 0, 0, 0, 41, 0, 0, 0, 0, 41, 41, 0, 0, 0, 0, 0,
            37, 0, 0, 0, 0, 0, 0, 0, 0, 41, 0, 0, 0, 0, 0, 0, 0, 0, 41, 0, 0, 0, 0, 0, 0, 0, 0, 0, 0, 0,
            37, 37, 0, 0, 0, 39, 0, 39, 41, 41, 0, 0, 0, 0, 0, 0, 0, 0, 41, 0, 0, 0, 0, 0, 0, 0, 0, 0, 0, 37,
            37, 37, 37, 0, 0, 38, 0, 0, 0, 0, 0, 0, 0, 0, 0, 0, 0, 0, 41, 0, 0, 42, 0, 44, 44, 0, 0, 0, 37, 37],
         "height":20,
         "id":2,
         "name":"\u0421\u043b\u043e\u0439 \u0442\u0430\u0439\u043b\u043e\u0432 2",
         "opacity":1,
         "type":"tilelayer",
         "visible":true,
         "width":30,
         "x":0,
         "y":0
        }, 
        {
         "draworder":"topdown",
         "id":3,
         "name":"\u0421\u043b\u043e\u0439 \u043e\u0431\u044a\u0435\u043a\u0442\u043e\u0432 1",
         "objects":[
                {
                 "class":"Player",
                 "height":0,
                 "id":1,
                 "name":"",
                 "point":true,
                 "rotation":0,
                 "visible":true,
                 "width":0,
                 "x":63.2815,
                 "y":197.755
                }, 
                {
                 "class":"Enemy_light",
                 "height":0,
                 "id":2,
                 "name":"",
                 "point":true,
                 "rotation":0,
                 "visible":true,
                 "width":0,
                 "x":826.614,
                 "y":834.525
                }, 
                {
                 "class":"Enemy_light",
                 "height":0,
                 "id":4,
                 "name":"",
                 "point":true,
                 "rotation":0,
                 "visible":true,
                 "width":0,
                 "x":830.57,
                 "y":2377.01
                }, 
                {
                 "class":"Enemy_light",
                 "height":0,
                 "id":5,
                 "name":"",
                 "point":true,
                 "rotation":0,
                 "visible":true,
                 "width":0,
                 "x":1981.5,
                 "y":1467.34
                }, 
                {
                 "class":"Enemy_heavy",
                 "height":0,
                 "id":6,
                 "name":"",
                 "point":true,
                 "rotation":0,
                 "visible":true,
                 "width":0,
                 "x":2380.97,
                 "y":1483.16
                }, 
                {
                 "class":"Enemy_heavy",
                 "height":0,
                 "id":7,
                 "name":"",
                 "point":true,
                 "rotation":0,
                 "visible":true,
                 "width":0,
                 "x":3638.69,
                 "y":2238.58
                }, 
                {
                 "class":"Enemy_light",
                 "height":0,
                 "id":8,
                 "name":"",
                 "point":true,
                 "rotation":0,
                 "visible":true,
                 "width":0,
                 "x":3642.64,
                 "y":577.444
                }, 
                {
                 "class":"Enemy_heavy",
                 "height":0,
                 "id":9,
                 "name":"",
                 "point":true,
                 "rotation":0,
                 "visible":true,
                 "width":0,
                 "x":1609.72,
                 "y":213.575
                }, 
                {
                 "class":"Enemy_heavy",
                 "height":0,
                 "id":10,
                 "name":"",
                 "point":true,
                 "rotation":0,
                 "visible":true,
                 "width":0,
                 "x":2495.66,
                 "y":185.889
                }, 
                {
                 "class":"Object_heal",
                 "height":0,
                 "id":11,
                 "name":"",
                 "point":true,
                 "rotation":0,
                 "visible":true,
                 "width":0,
                 "x":965.043,
                 "y":454.836
                }, 
                {
                 "class":"Object_heal",
                 "height":0,
                 "id":12,
                 "name":"",
                 "point":true,
                 "rotation":0,
                 "visible":true,
                 "width":0,
                 "x":197.755,
                 "y":1605.77
                }, 
                {
                 "class":"Object_heal",
                 "height":0,
                 "id":13,
                 "name":"",
                 "point":true,
                 "rotation":0,
                 "visible":true,
                 "width":0,
                 "x":1862.85,
                 "y":1744.2
                }, 
                {
                 "class":"Object_heal",
                 "height":0,
                 "id":14,
                 "name":"",
                 "point":true,
                 "rotation":0,
                 "visible":true,
                 "width":0,
                 "x":3266.91,
                 "y":2499.62
                }, 
                {
                 "class":"Object_heal",
                 "height":0,
                 "id":15,
                 "name":"",
                 "point":true,
                 "rotation":0,
                 "visible":true,
                 "width":0,
                 "x":3520.03,
                 "y":75.1468
                }, 
                {
                 "class":"Object_heal",
                 "height":0,
                 "id":16,
                 "name":"",
                 "point":true,
                 "rotation":0,
                 "visible":true,
                 "width":0,
                 "x":1720.47,
                 "y":968.998
                }, 
                {
                 "class":"NextLevel",
                 "height":0,
                 "id":17,
                 "name":"",
                 "point":true,
                 "rotation":0,
                 "visible":true,
                 "width":0,
                 "x":2495.66,
                 "y":35.5958
                }],
         "opacity":1,
         "type":"objectgroup",
         "visible":true,
         "x":0,
         "y":0
        }],
 "nextlayerid":4,
 "nextobjectid":19,
 "orientation":"orthogonal",
 "renderorder":"right-down",
 "tiledversion":"1.9.2",
 "tileheight":128,
 "tilesets":[
        {
         "firstgid":1,
         "source":"tilesMap.json"
        }, 
        {
         "firstgid":37,
         "source":"tilesMapSecond.json"
        }],
 "tilewidth":128,
 "type":"map",
 "version":"1.9",
 "width":30
}