{ "compressionlevel":-1,
 "height":20,
 "infinite":false,
 "layers":[
        {
         "data":[36, 36, 36, 36, 36, 36, 36, 36, 36, 12, 12, 36, 36, 36, 36, 36, 36, 36, 36, 36,
            36, 36, 36, 36, 36, 36, 36, 36, 22, 4, 4, 22, 36, 36, 36, 36, 36, 36, 36, 36,
            36, 36, 36, 36, 36, 36, 36, 22, 22, 4, 4, 22, 22, 36, 36, 36, 36, 36, 36, 36,
            36, 36, 36, 36, 36, 36, 22, 22, 22, 4, 4, 22, 22, 22, 36, 36, 36, 36, 36, 36,
            36, 36, 36, 36, 36, 22, 22, 22, 22, 4, 4, 22, 22, 22, 22, 36, 36, 36, 36, 36,
            36, 36, 36, 36, 22, 22, 24, 29, 16, 8, 5, 10, 29, 23, 22, 22, 36, 36, 36, 36,
            36, 36, 36, 22, 22, 24, 25, 22, 22, 4, 4, 22, 22, 26, 23, 22, 22, 36, 36, 36,
            36, 36, 22, 22, 22, 30, 22, 22, 22, 4, 4, 22, 22, 22, 30, 22, 22, 22, 36, 36,
            36, 22, 22, 22, 22, 12, 22, 22, 22, 4, 4, 22, 22, 22, 12, 22, 22, 22, 22, 36,
            16, 3, 3, 3, 3, 6, 3, 3, 3, 2, 2, 3, 3, 3, 6, 3, 3, 3, 3, 10,
            16, 3, 3, 3, 3, 7, 3, 3, 3, 2, 2, 3, 3, 3, 7, 3, 3, 3, 3, 10,
            36, 22, 22, 22, 22, 14, 22, 22, 22, 4, 4, 22, 22, 22, 14, 22, 22, 22, 22, 36,
            36, 36, 22, 22, 22, 30, 22, 22, 22, 4, 4, 22, 22, 22, 30, 22, 22, 22, 36, 36,
            36, 36, 36, 22, 22, 26, 23, 22, 22, 4, 4, 22, 22, 24, 25, 22, 22, 36, 36, 36,
            36, 36, 36, 36, 22, 22, 26, 29, 16, 8, 5, 10, 29, 25, 22, 22, 36, 36, 36, 36,
            36, 36, 36, 36, 36, 22, 22, 22, 22, 4, 4, 22, 22, 22, 22, 36, 36, 36, 36, 36,
            36, 36, 36, 36, 36, 36, 22, 22, 22, 4, 4, 22, 22, 22, 36, 36, 36, 36, 36, 36,
            36, 36, 36, 36, 36, 36, 36, 22, 22, 4, 4, 22, 22, 36, 36, 36, 36, 36, 36, 36,
            36, 36, 36, 36, 36, 36, 36, 36, 22, 4, 4, 22, 36, 36, 36, 36, 36, 36, 36, 36,
            36, 36, 36, 36, 36, 36, 36, 36, 36, 14, 14, 36, 36, 36, 36, 36, 36, 36, 36, 36],
         "height":20,
         "id":1,
         "name":"\u0421\u043b\u043e\u0439 \u0442\u0430\u0439\u043b\u043e\u0432 1",
         "opacity":1,
         "properties":[
                {
                 "name":"Music",
                 "type":"string",
                 "value":"assets\/sounds\/Boss_fight.mp3"
                }],
         "type":"tilelayer",
         "visible":true,
         "width":20,
         "x":0,
         "y":0
        }, 
        {
         "data":[41, 41, 41, 41, 41, 41, 41, 41, 41, 42, 42, 41, 41, 41, 41, 41, 41, 41, 41, 41,
            41, 2684354604, 0, 0, 0, 0, 0, 0, 0, 42, 42, 0, 0, 0, 0, 0, 0, 0, 2684354604, 41,
            41, 0, 0, 0, 0, 0, 0, 0, 43, 42, 0, 43, 0, 0, 0, 0, 0, 0, 0, 41,
            41, 0, 0, 0, 40, 0, 0, 0, 43, 0, 0, 43, 0, 0, 0, 40, 0, 0, 0, 41,
            41, 0, 40, 40, 0, 0, 0, 0, 0, 0, 0, 0, 0, 0, 0, 0, 40, 40, 0, 41,
            41, 0, 40, 40, 0, 0, 0, 0, 0, 0, 0, 0, 0, 0, 0, 0, 40, 40, 0, 41,
            41, 0, 0, 0, 0, 0, 0, 39, 0, 0, 0, 0, 39, 0, 0, 0, 0, 0, 0, 41,
            41, 0, 0, 0, 0, 0, 39, 39, 0, 0, 0, 0, 39, 39, 0, 0, 0, 0, 0, 41,
            41, 0, 43, 43, 0, 0, 0, 43, 43, 0, 0, 43, 43, 0, 0, 0, 43, 43, 0, 41,
            0, 0, 0, 0, 0, 0, 0, 0, 0, 0, 0, 0, 0, 0, 0, 0, 0, 0, 0, 0,
            0, 0, 0, 0, 0, 0, 0, 0, 0, 0, 0, 0, 0, 0, 0, 0, 0, 0, 0, 0,
            41, 0, 43, 43, 0, 0, 0, 43, 43, 0, 0, 43, 43, 0, 0, 0, 43, 43, 0, 41,
            41, 0, 0, 0, 0, 0, 39, 39, 0, 0, 0, 0, 39, 39, 0, 0, 0, 0, 0, 41,
            41, 0, 0, 0, 0, 0, 0, 39, 0, 0, 0, 0, 39, 0, 0, 0, 0, 0, 0, 41,
            41, 0, 40, 40, 0, 0, 0, 0, 0, 0, 0, 0, 0, 0, 0, 0, 40, 40, 0, 41,
            41, 0, 40, 40, 0, 0, 0, 0, 0, 0, 0, 0, 0, 0, 0, 0, 40, 40, 0, 41,
            41, 0, 0, 0, 40, 0, 0, 0, 43, 0, 0, 43, 0, 0, 0, 40, 0, 0, 0, 41,
            41, 0, 0, 0, 0, 0, 0, 0, 43, 42, 0, 43, 0, 0, 0, 0, 0, 0, 0, 41,
            41, 44, 0, 0, 0, 0, 0, 0, 0, 0, 42, 0, 0, 0, 0, 0, 0, 0, 44, 41,
            41, 41, 41, 41, 41, 41, 41, 41, 41, 42, 42, 41, 41, 41, 41, 41, 41, 41, 41, 41],
         "height":20,
         "id":3,
         "name":"\u0421\u043b\u043e\u0439 \u0442\u0430\u0439\u043b\u043e\u0432 2",
         "opacity":1,
         "type":"tilelayer",
         "visible":true,
         "width":20,
         "x":0,
         "y":0
        }, 
        {
         "class":"Boss",
         "draworder":"topdown",
         "id":4,
         "name":"\u0421\u043b\u043e\u0439 \u043e\u0431\u044a\u0435\u043a\u0442\u043e\u0432 1",
         "objects":[
                {
                 "class":"Boss",
                 "height":0,
                 "id":1,
                 "name":"",
                 "point":true,
                 "rotation":0,
                 "visible":true,
                 "width":0,
                 "x":1283.05,
                 "y":1286.43
                }, 
                {
                 "class":"Player",
                 "height":0,
                 "id":2,
                 "name":"",
                 "point":true,
                 "rotation":0,
                 "visible":true,
                 "width":0,
                 "x":1279.66,
                 "y":2447.61
                }, 
                {
                 "class":"Object_heal",
                 "height":0,
                 "id":3,
                 "name":"",
                 "point":true,
                 "rotation":0,
                 "visible":true,
                 "width":0,
                 "x":443.480560698228,
                 "y":446.865908489818
                }, 
                {
                 "class":"Object_heal",
                 "height":0,
                 "id":4,
                 "name":"",
                 "point":true,
                 "rotation":0,
                 "visible":true,
                 "width":0,
                 "x":446.865908489818,
                 "y":2119.22771753504
                }, 
                {
                 "class":"Object_heal",
                 "height":0,
                 "id":5,
                 "name":"",
                 "point":true,
                 "rotation":0,
                 "visible":true,
                 "width":0,
                 "x":2109.07167416028,
                 "y":2136.15445649299
                }, 
                {
                 "class":"Object_heal",
                 "height":0,
                 "id":6,
                 "name":"",
                 "point":true,
                 "rotation":0,
                 "visible":true,
                 "width":0,
                 "x":2119.22771753504,
                 "y":457.021951864586
                }],
         "opacity":1,
         "type":"objectgroup",
         "visible":true,
         "x":0,
         "y":0
        }],
 "nextlayerid":5,
 "nextobjectid":7,
 "orientation":"orthogonal",
 "renderorder":"right-down",
 "tiledversion":"1.9.2",
 "tileheight":128,
 "tilesets":[
        {
         "firstgid":1,
         "source":"tilesMap.json"
        }, 
        {
         "firstgid":37,
         "source":"tilesMapSecond.json"
        }],
 "tilewidth":128,
 "type":"map",
 "version":"1.9",
 "width":20
}