{ "columns":8,
 "image":"spritesheet_6.png",
 "imageheight":128,
 "imagewidth":1024,
 "margin":0,
 "name":"tilesMapSecond",
 "spacing":0,
 "tilecount":8,
 "tiledversion":"1.9.2",
 "tileheight":128,
 "tiles":[
        {
         "id":0,
         "properties":[
                {
                 "name":"passable",
                 "type":"bool",
                 "value":false
                }]
        }, 
        {
         "id":1,
         "properties":[
                {
                 "name":"passable",
                 "type":"bool",
                 "value":false
                }]
        }, 
        {
         "id":2,
         "properties":[
                {
                 "name":"passable",
                 "type":"bool",
                 "value":false
                }]
        }, 
        {
         "id":3,
         "properties":[
                {
                 "name":"passable",
                 "type":"bool",
                 "value":false
                }]
        }, 
        {
         "id":4,
         "properties":[
                {
                 "name":"passable",
                 "type":"bool",
                 "value":false
                }]
        }, 
        {
         "id":5,
         "properties":[
                {
                 "name":"passable",
                 "type":"bool",
                 "value":true
                }]
        }, 
        {
         "id":6,
         "properties":[
                {
                 "name":"passable",
                 "type":"bool",
                 "value":false
                }]
        }, 
        {
         "id":7,
         "properties":[
                {
                 "name":"passable",
                 "type":"bool",
                 "value":false
                }]
        }],
 "tilewidth":128,
 "type":"tileset",
 "version":"1.9"
}